time,temp,wind_spd,wind_dir,solar,hour,month,target_temp
2015-07-01 19:00:00,74.66,1.1,218.5,25.3,19,7,72.68
2015-07-01 19:15:00,74.12,0.9,218.5,7.5,19,7,71.96
2015-07-01 19:30:00,73.58,0.9,203.8,0.9,19,7,71.06
2015-07-01 19:45:00,73.4,0.8,192.6,0.0,19,7,70.7
2015-07-02 19:00:00,67.46,0.3,288.3,7.6,19,7,66.2
2015-07-02 19:15:00,67.1,0.3,302.4,0.0,19,7,66.02
2015-07-02 19:30:00,66.74,0.3,310.3,0.0,19,7,65.66
2015-07-02 19:45:00,66.56,0.3,310.3,0.0,19,7,65.48
2015-07-03 19:00:00,67.28,0.3,236.8,16.3,19,7,65.3
2015-07-03 19:15:00,66.38,0.6,163.8,6.1,19,7,65.12
2015-07-03 19:30:00,66.2,0.6,184.4,0.0,19,7,65.12
2015-07-03 19:45:00,65.84,0.6,186.3,0.0,19,7,64.4
2015-07-04 19:00:00,69.26,0.7,71.2,27.8,19,7,64.22
2015-07-04 19:15:00,67.46,0.5,76.8,12.2,19,7,64.22
2015-07-04 19:30:00,65.48,0.2,309.1,1.5,19,7,64.04
2015-07-04 19:45:00,64.4,0.1,300.2,0.0,19,7,63.5
2015-07-05 19:00:00,71.96,1.4,218.4,27.2,19,7,70.52
2015-07-05 19:15:00,71.78,1.5,222.2,11.4,19,7,70.16
2015-07-05 19:30:00,71.24,1.4,217.0,0.4,19,7,69.98
2015-07-05 19:45:00,70.88,1.4,220.3,0.0,19,7,69.62
2015-07-06 19:00:00,72.32,1.5,152.7,21.2,19,7,71.24
2015-07-06 19:15:00,71.96,1.4,149.2,9.5,19,7,71.06
2015-07-06 19:30:00,71.6,1.6,146.5,0.9,19,7,70.88
2015-07-06 19:45:00,71.42,1.5,155.1,0.0,19,7,71.06
2015-07-07 19:00:00,75.56,1.2,212.8,18.1,19,7,74.84
2015-07-07 19:15:00,75.56,2.1,208.5,4.5,19,7,74.84
2015-07-07 19:30:00,75.38,1.9,203.4,0.1,19,7,74.66
2015-07-07 19:45:00,75.02,1.3,195.7,0.0,19,7,74.66
2015-07-08 19:00:00,74.3,0.4,202.1,7.1,19,7,73.94
2015-07-08 19:15:00,74.3,0.3,198.2,1.8,19,7,73.94
2015-07-08 19:30:00,74.12,0.3,274.4,0.0,19,7,74.12
2015-07-08 19:45:00,73.94,0.5,208.8,0.0,19,7,74.3
2015-07-09 19:00:00,68.0,1.9,145.3,19.6,19,7,67.28
2015-07-09 19:15:00,67.46,1.1,174.3,5.5,19,7,67.64
2015-07-09 19:30:00,67.28,0.9,190.6,0.0,19,7,67.64
2015-07-09 19:45:00,67.28,0.6,157.7,0.0,19,7,67.28
2015-07-10 19:00:00,72.68,0.7,275.0,17.5,19,7,67.82
2015-07-10 19:15:00,71.24,0.4,283.4,7.2,19,7,67.1
2015-07-10 19:30:00,69.98,0.2,281.2,0.7,19,7,66.02
2015-07-10 19:45:00,68.9,0.2,244.0,0.0,19,7,65.3
2015-07-11 19:00:00,76.1,0.7,183.2,18.2,19,7,70.88
2015-07-11 19:15:00,75.02,0.7,200.9,7.0,19,7,70.16
2015-07-11 19:30:00,73.76,0.6,198.1,0.1,19,7,69.44
2015-07-11 19:45:00,72.14,0.4,204.1,0.0,19,7,68.72
2015-07-12 19:00:00,76.1,1.2,225.8,19.7,19,7,74.12
2015-07-12 19:15:00,75.56,0.8,218.4,9.5,19,7,73.58
2015-07-12 19:30:00,75.2,1.3,218.8,0.6,19,7,73.76
2015-07-12 19:45:00,74.84,1.0,228.7,0.0,19,7,73.4
2015-07-13 19:00:00,73.04,1.4,142.7,17.0,19,7,70.7
2015-07-13 19:15:00,72.5,1.0,158.2,9.5,19,7,70.52
2015-07-13 19:30:00,71.78,0.8,158.6,0.3,19,7,70.34
2015-07-13 19:45:00,71.24,0.8,156.7,0.0,19,7,69.8
2015-07-14 19:00:00,74.66,1.3,164.9,5.0,19,7,74.3
2015-07-14 19:15:00,74.48,1.5,160.9,1.3,19,7,74.3
2015-07-14 19:30:00,74.48,1.5,156.4,0.0,19,7,74.12
2015-07-14 19:45:00,74.48,1.1,157.7,0.0,19,7,74.12
2015-07-15 19:00:00,75.56,1.1,329.3,8.0,19,7,73.58
2015-07-15 19:15:00,75.2,1.4,324.4,3.1,19,7,73.22
2015-07-15 19:30:00,74.48,1.3,330.2,0.1,19,7,73.04
2015-07-15 19:45:00,73.94,1.3,340.4,0.0,19,7,73.04
2015-07-16 19:00:00,67.46,1.0,201.0,18.4,19,7,64.76
2015-07-16 19:15:00,66.74,0.7,204.2,7.1,19,7,64.22
2015-07-16 19:30:00,65.84,0.7,166.6,0.1,19,7,62.78
2015-07-16 19:45:00,65.12,0.6,171.9,0.0,19,7,61.88
2015-07-17 19:00:00,69.98,1.5,171.7,13.7,19,7,68.72
2015-07-17 19:15:00,69.44,1.4,173.1,4.0,19,7,68.9
2015-07-17 19:30:00,69.08,1.6,166.5,0.0,19,7,69.08
2015-07-17 19:45:00,68.72,1.3,173.0,0.0,19,7,69.08
2015-07-18 19:00:00,73.94,1.4,194.7,7.1,19,7,73.04
2015-07-18 19:15:00,73.58,1.4,189.7,1.1,19,7,73.4
2015-07-18 19:30:00,73.22,1.4,182.6,0.0,19,7,73.76
2015-07-18 19:45:00,73.22,1.2,194.8,0.0,19,7,73.76
2015-07-19 19:00:00,79.52,2.2,222.5,30.1,19,7,78.26
2015-07-19 19:15:00,78.98,1.8,216.5,7.7,19,7,77.9
2015-07-19 19:30:00,78.62,1.7,228.4,0.0,19,7,77.9
2015-07-19 19:45:00,78.44,1.9,225.9,0.0,19,7,77.54
2015-07-20 19:00:00,81.14,0.6,229.0,14.5,19,7,79.34
2015-07-20 19:15:00,80.96,0.9,250.9,2.9,19,7,78.98
2015-07-20 19:30:00,80.42,0.6,236.8,0.0,19,7,78.8
2015-07-20 19:45:00,79.88,0.6,254.1,0.0,19,7,79.34
2015-07-21 19:00:00,79.16,1.1,241.6,1.7,19,7,78.26
2015-07-21 19:15:00,78.62,0.8,196.0,0.0,19,7,78.08
2015-07-21 19:30:00,78.44,0.9,216.5,0.0,19,7,78.08
2015-07-21 19:45:00,78.26,0.9,224.9,0.0,19,7,77.9
2015-07-22 19:00:00,76.64,2.1,289.9,14.5,19,7,72.86
2015-07-22 19:15:00,75.92,1.9,288.6,3.6,19,7,72.14
2015-07-22 19:30:00,75.2,1.7,285.9,0.0,19,7,70.52
2015-07-22 19:45:00,74.3,1.2,280.2,0.0,19,7,69.08
2015-07-23 19:00:00,73.94,1.0,207.6,10.9,19,7,71.06
2015-07-23 19:15:00,73.22,1.1,211.2,2.6,19,7,70.52
2015-07-23 19:30:00,72.5,1.1,206.8,0.0,19,7,69.8
2015-07-23 19:45:00,71.42,0.8,221.9,0.0,19,7,68.9
2015-07-24 19:00:00,73.94,0.8,191.5,11.3,19,7,68.9
2015-07-24 19:15:00,72.5,0.5,195.0,1.6,19,7,68.0
2015-07-24 19:30:00,71.42,0.6,188.4,0.0,19,7,67.28
2015-07-24 19:45:00,69.98,0.4,185.9,0.0,19,7,66.92
2015-07-25 19:00:00,71.6,2.3,138.1,12.3,19,7,69.8
2015-07-25 19:15:00,71.06,2.0,143.4,1.8,19,7,69.62
2015-07-25 19:30:00,70.52,1.9,142.0,0.0,19,7,69.08
2015-07-25 19:45:00,70.34,2.0,142.1,0.0,19,7,69.08
2015-07-26 19:00:00,75.56,1.9,199.4,3.2,19,7,75.02
2015-07-26 19:15:00,75.38,2.3,199.1,0.0,19,7,75.02
2015-07-26 19:30:00,75.2,1.7,196.2,0.0,19,7,75.2
2015-07-26 19:45:00,75.02,1.9,186.8,0.0,19,7,75.2
2015-07-27 19:00:00,76.28,1.2,195.1,7.6,19,7,74.84
2015-07-27 19:15:00,75.92,1.2,187.1,0.9,19,7,74.66
2015-07-27 19:30:00,75.56,1.2,199.7,0.0,19,7,74.3
2015-07-27 19:45:00,75.2,0.9,221.0,0.0,19,7,73.94
2015-07-28 19:00:00,80.06,1.5,239.0,12.8,19,7,77.18
2015-07-28 19:15:00,79.16,1.1,226.6,2.0,19,7,76.64
2015-07-28 19:30:00,78.26,0.8,229.0,0.0,19,7,76.28
2015-07-28 19:45:00,77.72,1.0,224.1,0.0,19,7,76.1
2015-07-29 19:00:00,81.5,1.7,224.2,6.4,19,7,78.98
2015-07-29 19:15:00,80.78,1.5,226.8,0.1,19,7,78.8
2015-07-29 19:30:00,80.24,1.4,230.0,0.0,19,7,78.62
2015-07-29 19:45:00,79.52,1.3,234.8,0.0,19,7,78.62
2015-07-30 19:00:00,73.94,1.8,214.0,2.6,19,7,75.02
2015-07-30 19:15:00,73.76,1.7,207.9,0.5,19,7,75.02
2015-07-30 19:30:00,74.12,2.0,213.2,0.0,19,7,74.84
2015-07-30 19:45:00,74.66,1.6,225.3,0.0,19,7,74.66
2015-07-31 19:00:00,77.72,0.3,245.8,5.2,19,7,71.78
2015-07-31 19:15:00,75.92,0.2,168.7,0.1,19,7,70.88
2015-07-31 19:30:00,74.12,0.1,184.8,0.0,19,7,70.34
2015-07-31 19:45:00,72.68,0.1,192.9,0.0,19,7,69.8
2016-07-01 19:00:00,68.54,1.3,203.6,5.2,19,7,68.0
2016-07-01 19:15:00,68.54,1.8,143.3,2.8,19,7,68.18
2016-07-01 19:30:00,68.36,1.9,140.7,0.1,19,7,68.36
2016-07-01 19:45:00,68.18,1.8,146.6,0.0,19,7,67.82
2016-07-02 19:00:00,71.24,1.4,268.2,15.3,19,7,64.58
2016-07-02 19:15:00,69.26,0.7,272.0,7.3,19,7,63.68
2016-07-02 19:30:00,67.1,0.5,261.5,0.8,19,7,63.14
2016-07-02 19:45:00,65.48,0.3,241.3,0.0,19,7,63.5
2016-07-03 19:00:00,70.16,1.5,227.8,15.5,19,7,69.26
2016-07-03 19:15:00,69.8,1.6,231.4,5.6,19,7,69.08
2016-07-03 19:30:00,69.44,1.6,245.7,0.0,19,7,68.72
2016-07-03 19:45:00,69.44,1.7,237.3,0.0,19,7,68.36
2016-07-04 19:00:00,70.52,2.5,216.4,13.2,19,7,70.16
2016-07-04 19:15:00,70.34,2.4,215.4,3.5,19,7,69.98
2016-07-04 19:30:00,70.16,2.1,209.0,0.0,19,7,69.8
2016-07-04 19:45:00,70.16,2.0,199.0,0.0,19,7,69.8
2016-07-05 19:00:00,77.36,0.8,291.3,14.0,19,7,74.84
2016-07-05 19:15:00,76.1,0.6,264.7,5.9,19,7,73.94
2016-07-05 19:30:00,75.74,0.3,218.0,0.3,19,7,73.58
2016-07-05 19:45:00,75.38,0.5,207.4,0.0,19,7,73.4
2016-07-06 19:00:00,78.08,1.2,187.3,17.3,19,7,76.46
2016-07-06 19:15:00,77.54,1.4,224.4,7.0,19,7,76.1
2016-07-06 19:30:00,77.0,1.2,220.4,0.4,19,7,75.56
2016-07-06 19:45:00,76.82,1.1,224.3,0.0,19,7,75.02
2016-07-07 19:00:00,77.0,1.0,186.7,4.5,19,7,75.2
2016-07-07 19:15:00,76.82,1.1,196.2,0.2,19,7,74.3
2016-07-07 19:30:00,77.0,1.2,233.3,0.0,19,7,73.94
2016-07-07 19:45:00,76.1,0.8,243.0,0.0,19,7,73.58
2016-07-08 19:00:00,69.62,1.8,124.3,29.6,19,7,67.46
2016-07-08 19:15:00,69.08,2.4,135.5,9.4,19,7,66.92
2016-07-08 19:30:00,68.36,1.9,109.4,0.1,19,7,66.38
2016-07-08 19:45:00,68.0,1.7,108.1,0.0,19,7,66.38
2016-07-09 19:00:00,64.94,2.2,112.3,12.8,19,7,64.4
2016-07-09 19:15:00,64.76,2.1,112.8,0.9,19,7,64.4
2016-07-09 19:30:00,64.58,2.9,114.5,0.0,19,7,64.4
2016-07-09 19:45:00,64.4,2.6,119.8,0.0,19,7,64.22
2016-07-10 19:00:00,72.68,0.5,356.7,16.8,19,7,69.26
2016-07-10 19:15:00,71.96,0.3,2.7,6.0,19,7,69.08
2016-07-10 19:30:00,70.88,0.6,297.9,0.2,19,7,70.34
2016-07-10 19:45:00,70.34,0.5,270.3,0.0,19,7,70.7
2016-07-11 19:00:00,69.8,0.8,178.4,12.4,19,7,65.84
2016-07-11 19:15:00,69.62,0.8,190.0,7.5,19,7,64.76
2016-07-11 19:30:00,68.54,0.2,187.9,0.9,19,7,64.04
2016-07-11 19:45:00,67.28,0.3,261.0,0.0,19,7,63.32
2016-07-12 19:00:00,71.42,2.0,194.7,33.5,19,7,69.98
2016-07-12 19:15:00,70.88,2.4,197.9,13.6,19,7,69.98
2016-07-12 19:30:00,70.34,1.4,191.0,1.1,19,7,69.98
2016-07-12 19:45:00,69.98,1.6,196.6,0.1,19,7,69.98
2016-07-13 19:00:00,72.86,1.8,165.6,14.4,19,7,71.6
2016-07-13 19:15:00,72.14,1.4,172.6,2.8,19,7,71.42
2016-07-13 19:30:00,71.78,1.5,171.7,0.0,19,7,71.24
2016-07-13 19:45:00,71.78,1.7,160.0,0.0,19,7,70.88
2016-07-14 19:00:00,77.36,1.6,219.8,19.1,19,7,75.38
2016-07-14 19:15:00,76.82,1.8,227.1,6.4,19,7,75.02
2016-07-14 19:30:00,76.28,1.5,221.9,0.1,19,7,74.84
2016-07-14 19:45:00,75.74,1.0,217.9,0.0,19,7,74.66
2016-07-15 19:00:00,82.22,0.6,239.5,15.5,19,7,78.98
2016-07-15 19:15:00,81.5,1.0,211.8,7.9,19,7,77.9
2016-07-15 19:30:00,80.78,0.8,228.0,1.2,19,7,77.0
2016-07-15 19:45:00,79.52,0.8,253.9,0.0,19,7,76.46
2016-07-16 19:00:00,74.66,0.4,217.6,0.0,19,7,73.94
2016-07-16 19:15:00,74.48,0.7,291.8,0.0,19,7,73.94
2016-07-16 19:30:00,74.48,0.8,217.9,0.0,19,7,73.58
2016-07-16 19:45:00,74.48,0.8,187.7,0.0,19,7,73.22
2016-07-17 19:00:00,78.62,1.4,196.9,24.6,19,7,77.36
2016-07-17 19:15:00,78.08,1.5,182.6,9.9,19,7,77.18
2016-07-17 19:30:00,77.72,1.4,193.2,0.0,19,7,76.82
2016-07-17 19:45:00,77.72,1.6,219.4,0.0,19,7,76.64
2016-07-18 19:00:00,76.1,1.1,212.0,13.3,19,7,75.38
2016-07-18 19:15:00,75.92,1.4,220.8,2.1,19,7,75.2
2016-07-18 19:30:00,75.74,1.4,212.6,0.0,19,7,75.2
2016-07-18 19:45:00,75.56,1.7,226.7,0.0,19,7,75.2
2016-07-19 19:00:00,73.22,0.5,320.9,11.5,19,7,67.1
2016-07-19 19:15:00,71.6,0.5,302.7,2.5,19,7,66.38
2016-07-19 19:30:00,69.98,0.4,276.0,0.0,19,7,65.3
2016-07-19 19:45:00,68.54,0.2,263.2,0.0,19,7,64.4
2016-07-20 19:00:00,72.32,0.9,281.7,17.9,19,7,68.0
2016-07-20 19:15:00,71.06,0.8,207.0,4.7,19,7,66.92
2016-07-20 19:30:00,69.8,0.6,212.6,0.0,19,7,66.2
2016-07-20 19:45:00,68.72,0.7,175.5,0.0,19,7,65.66
2016-07-21 19:00:00,75.56,2.8,220.1,7.4,19,7,75.02
2016-07-21 19:15:00,75.38,2.8,217.3,0.7,19,7,74.84
2016-07-21 19:30:00,75.02,2.2,218.1,0.0,19,7,74.66
2016-07-21 19:45:00,75.02,2.6,220.0,0.0,19,7,74.66
2016-07-22 19:00:00,79.88,3.6,219.4,14.0,19,7,78.62
2016-07-22 19:15:00,79.34,2.7,229.5,1.5,19,7,79.16
2016-07-22 19:30:00,78.98,2.5,223.9,0.0,19,7,79.16
2016-07-22 19:45:00,78.8,2.7,218.7,0.0,19,7,78.98
2016-07-23 19:00:00,84.38,0.9,265.0,19.5,19,7,78.98
2016-07-23 19:15:00,83.12,0.6,280.7,3.6,19,7,79.16
2016-07-23 19:30:00,81.68,0.4,301.9,0.0,19,7,78.62
2016-07-23 19:45:00,80.24,0.4,310.9,0.0,19,7,77.0
2016-07-24 19:00:00,76.64,1.6,198.2,15.3,19,7,75.2
2016-07-24 19:15:00,76.46,1.5,216.6,3.1,19,7,74.84
2016-07-24 19:30:00,76.1,1.4,209.0,0.0,19,7,74.48
2016-07-24 19:45:00,75.56,0.9,182.7,0.0,19,7,74.12
2016-07-25 19:00:00,74.48,2.0,281.4,0.5,19,7,73.76
2016-07-25 19:15:00,74.3,2.1,305.8,0.0,19,7,73.76
2016-07-25 19:30:00,74.12,1.0,305.1,0.0,19,7,73.58
2016-07-25 19:45:00,73.76,0.8,219.0,0.0,19,7,73.4
2016-07-26 19:00:00,80.6,0.7,293.8,14.2,19,7,74.84
2016-07-26 19:15:00,78.8,0.4,270.4,1.8,19,7,74.12
2016-07-26 19:30:00,77.36,0.5,268.2,0.0,19,7,73.4
2016-07-26 19:45:00,76.1,0.5,246.6,0.0,19,7,72.5
2016-07-27 19:00:00,76.64,1.5,157.7,8.2,19,7,74.66
2016-07-27 19:15:00,75.92,1.6,164.4,0.6,19,7,74.48
2016-07-27 19:30:00,75.2,1.0,176.3,0.0,19,7,74.3
2016-07-27 19:45:00,74.84,0.9,170.1,0.0,19,7,73.94
2016-07-28 19:00:00,78.98,2.0,232.4,6.1,19,7,78.44
2016-07-28 19:15:00,78.8,1.3,228.3,0.0,19,7,78.26
2016-07-28 19:30:00,78.8,1.4,243.8,0.0,19,7,78.08
2016-07-28 19:45:00,78.62,0.8,229.0,0.0,19,7,77.9
2016-07-29 19:00:00,73.4,1.0,180.5,4.6,19,7,71.6
2016-07-29 19:15:00,72.68,0.9,184.1,0.1,19,7,71.42
2016-07-29 19:30:00,72.14,0.8,180.9,0.0,19,7,71.24
2016-07-29 19:45:00,71.78,0.5,192.9,0.0,19,7,70.16
2016-07-30 19:00:00,74.12,0.2,129.3,0.0,19,7,73.76
2016-07-30 19:15:00,73.76,0.6,3.0,0.0,19,7,73.76
2016-07-30 19:30:00,73.76,0.7,346.9,0.0,19,7,73.58
2016-07-30 19:45:00,73.76,0.5,356.9,0.0,19,7,73.58
2016-07-31 19:00:00,72.32,2.0,98.0,0.1,19,7,71.24
2016-07-31 19:15:00,72.14,1.6,98.8,0.0,19,7,70.88
2016-07-31 19:30:00,71.96,1.9,99.4,0.0,19,7,71.06
2016-07-31 19:45:00,71.96,2.0,92.9,0.0,19,7,70.7
2017-07-01 19:00:00,72.86,3.1,207.0,0.8,19,7,72.5
2017-07-01 19:15:00,72.86,2.8,216.9,-1.6,19,7,72.32
2017-07-01 19:30:00,72.68,2.6,207.2,-3.0,19,7,72.14
2017-07-01 19:45:00,72.5,3.2,200.7,-3.4,19,7,71.96
2017-07-02 19:00:00,77.0,1.8,219.6,16.0,19,7,74.3
2017-07-02 19:15:00,76.1,1.5,211.6,10.5,19,7,73.58
2017-07-02 19:30:00,75.38,1.7,210.3,1.8,19,7,73.04
2017-07-02 19:45:00,74.84,1.9,201.9,-3.0,19,7,72.86
2017-07-03 19:00:00,76.28,0.9,246.0,27.8,19,7,71.6
2017-07-03 19:15:00,75.2,0.9,234.8,15.0,19,7,71.06
2017-07-03 19:30:00,74.12,0.5,223.3,4.6,19,7,70.16
2017-07-03 19:45:00,73.04,0.6,239.7,-2.5,19,7,69.62
2017-07-04 19:00:00,74.3,0.6,209.7,22.4,19,7,69.44
2017-07-04 19:15:00,73.76,0.8,166.4,10.4,19,7,68.36
2017-07-04 19:30:00,72.14,0.5,187.4,-0.3,19,7,67.46
2017-07-04 19:45:00,70.34,0.4,266.6,-4.8,19,7,66.56
2017-07-05 19:00:00,70.7,1.6,144.0,16.6,19,7,67.1
2017-07-05 19:15:00,69.62,1.7,141.9,8.4,19,7,65.3
2017-07-05 19:30:00,68.72,1.3,131.8,0.8,19,7,64.58
2017-07-05 19:45:00,68.0,1.0,185.6,-3.9,19,7,63.86
2017-07-06 19:00:00,69.26,1.7,140.9,6.0,19,7,68.0
2017-07-06 19:15:00,68.9,1.3,150.8,3.5,19,7,68.0
2017-07-06 19:30:00,68.72,1.0,138.0,-1.7,19,7,67.1
2017-07-06 19:45:00,68.54,1.0,94.8,-3.6,19,7,67.82
2017-07-07 19:00:00,68.54,0.8,298.5,15.6,19,7,66.02
2017-07-07 19:15:00,67.64,0.8,237.6,6.0,19,7,65.66
2017-07-07 19:30:00,67.1,0.4,336.7,-0.7,19,7,65.12
2017-07-07 19:45:00,66.56,0.4,259.1,-4.2,19,7,64.94
2017-07-08 19:00:00,76.64,3.8,308.2,24.9,19,7,72.32
2017-07-08 19:15:00,75.2,2.7,304.6,13.9,19,7,71.06
2017-07-08 19:30:00,74.3,2.4,298.8,1.6,19,7,70.7
2017-07-08 19:45:00,73.4,1.3,288.3,-3.2,19,7,70.52
2017-07-09 19:00:00,72.68,1.2,201.1,16.4,19,7,69.8
2017-07-09 19:15:00,71.78,1.1,206.4,7.7,19,7,69.26
2017-07-09 19:30:00,71.24,1.4,213.5,0.0,19,7,68.54
2017-07-09 19:45:00,70.34,1.0,223.8,-4.1,19,7,67.82
2017-07-10 19:00:00,73.04,2.4,166.7,17.6,19,7,71.78
2017-07-10 19:15:00,72.5,2.1,166.4,6.3,19,7,71.96
2017-07-10 19:30:00,72.14,1.8,170.9,-1.3,19,7,71.96
2017-07-10 19:45:00,71.96,1.7,169.4,-4.1,19,7,71.78
2017-07-11 19:00:00,74.48,1.0,270.7,22.6,19,7,72.32
2017-07-11 19:15:00,73.76,0.7,356.2,6.0,19,7,71.96
2017-07-11 19:30:00,73.22,0.9,343.3,-1.5,19,7,71.78
2017-07-11 19:45:00,72.86,0.5,293.7,-4.4,19,7,71.6
2017-07-12 19:00:00,81.14,2.5,240.9,4.5,19,7,81.14
2017-07-12 19:15:00,80.42,1.4,243.2,-0.1,19,7,78.98
2017-07-12 19:30:00,79.88,1.1,256.5,-3.4,19,7,77.54
2017-07-12 19:45:00,80.78,1.9,277.1,-4.4,19,7,75.38
2017-07-13 19:00:00,69.8,2.0,143.4,5.6,19,7,68.54
2017-07-13 19:15:00,69.8,2.1,124.4,5.9,19,7,68.18
2017-07-13 19:30:00,69.62,2.2,129.3,0.0,19,7,67.82
2017-07-13 19:45:00,69.44,1.9,145.9,-3.0,19,7,68.0
2017-07-14 19:00:00,65.12,2.8,127.7,7.5,19,7,65.48
2017-07-14 19:15:00,65.3,2.9,129.8,1.1,19,7,65.48
2017-07-14 19:30:00,65.3,1.9,119.2,-2.3,19,7,65.48
2017-07-14 19:45:00,65.48,1.7,112.5,-3.2,19,7,65.48
2017-07-15 19:00:00,71.24,1.6,164.6,17.2,19,7,69.26
2017-07-15 19:15:00,70.52,1.4,155.5,7.1,19,7,69.26
2017-07-15 19:30:00,69.98,1.1,179.2,-0.5,19,7,68.9
2017-07-15 19:45:00,69.62,1.0,169.6,-4.4,19,7,68.54
2017-07-16 19:00:00,74.48,1.2,166.9,15.1,19,7,71.6
2017-07-16 19:15:00,73.58,1.0,163.9,5.4,19,7,70.7
2017-07-16 19:30:00,72.86,0.9,159.5,-1.9,19,7,69.26
2017-07-16 19:45:00,72.14,1.1,173.7,-4.9,19,7,68.9
2017-07-17 19:00:00,74.84,1.2,170.0,23.3,19,7,72.68
2017-07-17 19:15:00,74.48,0.9,175.3,8.8,19,7,72.5
2017-07-17 19:30:00,73.94,1.0,175.5,-2.4,19,7,72.5
2017-07-17 19:45:00,73.4,0.9,160.5,-4.8,19,7,72.68
2017-07-18 19:00:00,76.1,1.6,207.5,15.4,19,7,74.84
2017-07-18 19:15:00,75.56,1.7,201.4,4.8,19,7,75.02
2017-07-18 19:30:00,75.38,1.7,210.5,-1.7,19,7,74.84
2017-07-18 19:45:00,75.2,1.5,192.2,-4.4,19,7,74.84
2017-07-19 19:00:00,78.98,1.6,223.8,14.0,19,7,77.18
2017-07-19 19:15:00,78.26,1.5,223.5,3.4,19,7,77.0
2017-07-19 19:30:00,77.9,2.2,234.4,-2.4,19,7,77.0
2017-07-19 19:45:00,77.54,1.8,237.1,-4.5,19,7,76.64
2017-07-20 19:00:00,80.6,1.5,232.1,12.4,19,7,79.34
2017-07-20 19:15:00,80.24,1.3,241.6,-0.2,19,7,79.16
2017-07-20 19:30:00,79.7,1.2,226.2,-3.8,19,7,79.16
2017-07-20 19:45:00,79.52,1.4,216.9,-4.8,19,7,79.16
2017-07-21 19:00:00,78.8,0.5,196.8,13.3,19,7,76.64
2017-07-21 19:15:00,77.54,0.4,206.7,-0.5,19,7,77.18
2017-07-21 19:30:00,77.0,0.6,222.2,-4.2,19,7,77.0
2017-07-21 19:45:00,76.82,1.1,218.9,-5.7,19,7,77.72
2017-07-22 19:00:00,77.18,1.4,148.2,0.3,19,7,75.56
2017-07-22 19:15:00,76.64,1.8,141.2,-1.2,19,7,75.92
2017-07-22 19:30:00,76.1,1.3,154.3,-3.5,19,7,75.74
2017-07-22 19:45:00,75.92,0.9,164.6,-4.9,19,7,75.2
2017-07-23 19:00:00,69.62,1.6,101.1,6.4,19,7,68.9
2017-07-23 19:15:00,69.44,1.5,98.9,-0.3,19,7,68.9
2017-07-23 19:30:00,69.26,1.9,97.2,-3.1,19,7,68.54
2017-07-23 19:45:00,69.08,1.9,104.9,-3.8,19,7,68.54
2017-07-24 19:00:00,61.7,0.9,18.9,0.3,19,7,61.16
2017-07-24 19:15:00,61.52,1.0,355.6,-1.0,19,7,60.8
2017-07-24 19:30:00,61.34,1.0,34.2,-3.3,19,7,60.44
2017-07-24 19:45:00,61.16,1.1,29.3,-4.3,19,7,60.44
2017-07-25 19:00:00,63.68,0.7,6.4,2.4,19,7,63.32
2017-07-25 19:15:00,63.5,0.6,337.8,-2.6,19,7,62.78
2017-07-25 19:30:00,63.14,0.6,352.3,-3.9,19,7,62.96
2017-07-25 19:45:00,63.14,0.8,69.4,-4.1,19,7,62.96
2017-07-26 19:00:00,66.2,0.9,198.7,13.9,19,7,63.32
2017-07-26 19:15:00,65.3,0.8,199.7,2.5,19,7,62.96
2017-07-26 19:30:00,64.58,0.7,183.0,-4.5,19,7,62.6
2017-07-26 19:45:00,64.04,0.9,163.4,-5.1,19,7,62.24
2017-07-27 19:00:00,71.78,1.5,197.0,17.8,19,7,71.24
2017-07-27 19:15:00,71.42,1.8,186.1,-0.6,19,7,71.42
2017-07-27 19:30:00,71.42,2.0,189.5,-3.3,19,7,71.78
2017-07-27 19:45:00,71.42,2.0,189.6,-4.3,19,7,72.14
2017-07-28 19:00:00,72.5,0.9,181.6,3.3,19,7,70.52
2017-07-28 19:15:00,71.96,0.8,167.1,-1.7,19,7,70.52
2017-07-28 19:30:00,71.42,0.8,160.1,-3.5,19,7,70.52
2017-07-28 19:45:00,70.88,0.7,144.5,-4.4,19,7,69.98
2017-07-29 19:00:00,67.1,1.5,24.9,7.0,19,7,67.28
2017-07-29 19:15:00,66.2,1.3,27.5,-0.2,19,7,67.28
2017-07-29 19:30:00,66.2,1.2,14.0,-3.8,19,7,67.46
2017-07-29 19:45:00,67.1,1.7,16.1,-4.6,19,7,67.28
2017-07-30 19:00:00,69.8,1.2,176.4,8.6,19,7,68.0
2017-07-30 19:15:00,68.9,1.1,201.3,0.0,19,7,67.46
2017-07-30 19:30:00,68.18,0.9,198.6,-4.2,19,7,65.48
2017-07-30 19:45:00,68.18,1.0,173.5,-4.7,19,7,65.3
2017-07-31 19:00:00,71.96,0.9,184.1,8.5,19,7,69.8
2017-07-31 19:15:00,71.06,1.0,173.4,-1.0,19,7,69.62
2017-07-31 19:30:00,70.7,1.0,185.2,-4.6,19,7,69.08
2017-07-31 19:45:00,70.34,0.9,184.1,-5.1,19,7,68.36
2018-07-01 19:00:00,82.76,0.9,207.2,17.0,19,7,78.08
2018-07-01 19:15:00,82.4,0.8,202.7,5.3,19,7,77.72
2018-07-01 19:30:00,81.32,0.7,194.3,-4.6,19,7,76.82
2018-07-01 19:45:00,78.98,0.3,244.6,-10.6,19,7,76.28
2018-07-02 19:00:00,77.54,2.3,131.6,19.2,19,7,75.2
2018-07-02 19:15:00,77.0,1.1,151.4,6.5,19,7,74.66
2018-07-02 19:30:00,76.28,1.3,148.0,-4.5,19,7,74.3
2018-07-02 19:45:00,75.74,1.2,160.7,-10.2,19,7,74.12
2018-07-03 19:00:00,78.08,1.0,182.4,6.4,19,7,77.0
2018-07-03 19:15:00,77.72,0.6,179.1,0.0,19,7,76.82
2018-07-03 19:30:00,77.54,1.0,194.5,-6.1,19,7,76.46
2018-07-03 19:45:00,77.36,1.0,186.0,-9.9,19,7,76.1
2018-07-04 19:00:00,77.72,0.9,173.2,15.0,19,7,76.28
2018-07-04 19:15:00,77.18,1.0,188.1,5.2,19,7,76.28
2018-07-04 19:30:00,76.64,1.0,172.7,-3.8,19,7,76.1
2018-07-04 19:45:00,76.28,0.7,193.1,-9.1,19,7,75.56
2018-07-05 19:00:00,78.62,2.5,188.1,35.0,19,7,77.72
2018-07-05 19:15:00,78.26,1.8,189.7,14.4,19,7,77.72
2018-07-05 19:30:00,77.9,1.9,185.0,-0.7,19,7,77.54
2018-07-05 19:45:00,77.72,1.9,187.0,-4.0,19,7,77.72
2018-07-06 19:00:00,73.94,0.9,267.6,34.0,19,7,72.14
2018-07-06 19:15:00,73.04,1.0,287.5,15.1,19,7,73.4
2018-07-06 19:30:00,71.6,0.7,313.6,3.2,19,7,72.86
2018-07-06 19:45:00,71.24,0.8,316.9,-0.7,19,7,72.5
2018-07-07 19:00:00,64.22,1.0,187.1,44.1,19,7,59.9
2018-07-07 19:15:00,63.14,0.8,183.7,10.0,19,7,58.82
2018-07-07 19:30:00,61.7,0.8,179.2,-0.2,19,7,57.74
2018-07-07 19:45:00,60.8,0.9,177.9,-4.4,19,7,56.84
2018-07-08 19:00:00,67.46,1.3,174.4,42.9,19,7,64.22
2018-07-08 19:15:00,66.56,0.7,174.5,14.3,19,7,63.32
2018-07-08 19:30:00,65.84,0.9,173.2,1.1,19,7,62.06
2018-07-08 19:45:00,65.12,0.8,178.0,-4.3,19,7,61.7
2018-07-09 19:00:00,70.7,1.7,197.7,39.2,19,7,68.9
2018-07-09 19:15:00,69.98,1.8,195.9,12.8,19,7,68.9
2018-07-09 19:30:00,69.62,1.5,204.2,0.6,19,7,68.72
2018-07-09 19:45:00,69.08,1.6,220.7,-3.8,19,7,68.9
2018-07-10 19:00:00,76.1,1.1,180.8,8.5,19,7,73.4
2018-07-10 19:15:00,74.84,1.2,171.6,3.6,19,7,73.22
2018-07-10 19:30:00,74.3,1.2,190.6,-2.6,19,7,73.04
2018-07-10 19:45:00,73.76,1.1,191.4,-4.6,19,7,73.22
2018-07-11 19:00:00,70.34,1.0,178.7,6.4,19,7,68.72
2018-07-11 19:15:00,70.16,0.9,179.0,1.9,19,7,67.82
2018-07-11 19:30:00,70.16,0.8,175.6,-2.2,19,7,66.74
2018-07-11 19:45:00,69.44,0.9,169.1,-4.2,19,7,66.02
2018-07-12 19:00:00,71.24,0.9,173.0,33.9,19,7,67.64
2018-07-12 19:15:00,70.52,0.9,168.8,9.4,19,7,66.2
2018-07-12 19:30:00,69.8,0.8,178.0,-1.5,19,7,65.48
2018-07-12 19:45:00,68.54,0.8,158.3,-5.1,19,7,64.4
2018-07-13 19:00:00,70.7,1.4,178.1,30.2,19,7,68.72
2018-07-13 19:15:00,70.16,1.3,165.5,10.8,19,7,68.54
2018-07-13 19:30:00,69.62,1.6,155.0,-0.5,19,7,68.36
2018-07-13 19:45:00,69.08,1.2,169.4,-4.3,19,7,68.0
2018-07-14 19:00:00,75.2,1.4,178.8,25.5,19,7,74.3
2018-07-14 19:15:00,75.02,1.5,190.1,4.2,19,7,74.3
2018-07-14 19:30:00,74.66,1.4,192.7,-3.2,19,7,74.3
2018-07-14 19:45:00,74.48,1.2,190.5,-4.5,19,7,74.48
2018-07-15 19:00:00,76.82,1.4,197.1,10.0,19,7,72.86
2018-07-15 19:15:00,74.84,1.4,193.0,1.6,19,7,72.5
2018-07-15 19:30:00,73.76,1.7,217.4,-2.2,19,7,72.32
2018-07-15 19:45:00,73.22,1.4,229.4,-4.4,19,7,72.14
2018-07-16 19:00:00,77.36,1.8,186.7,32.8,19,7,75.74
2018-07-16 19:15:00,77.0,1.7,185.4,26.9,19,7,75.38
2018-07-16 19:30:00,76.64,1.8,182.3,4.3,19,7,75.02
2018-07-16 19:45:00,76.1,1.6,184.3,-4.6,19,7,74.84
2018-07-17 19:00:00,69.8,1.5,176.3,22.9,19,7,69.62
2018-07-17 19:15:00,69.62,1.7,166.8,15.9,19,7,69.26
2018-07-17 19:30:00,69.62,1.1,263.6,1.0,19,7,69.08
2018-07-17 19:45:00,69.8,0.7,225.4,-2.7,19,7,68.72
2018-07-18 19:00:00,71.06,0.9,322.4,28.0,19,7,66.38
2018-07-18 19:15:00,69.98,0.5,330.4,5.0,19,7,65.48
2018-07-18 19:30:00,68.72,0.3,311.3,-2.9,19,7,64.58
2018-07-18 19:45:00,67.46,0.5,316.1,-5.6,19,7,63.68
2018-07-19 19:00:00,70.88,1.0,179.7,29.5,19,7,67.28
2018-07-19 19:15:00,69.8,0.9,195.3,6.7,19,7,66.38
2018-07-19 19:30:00,68.9,0.9,186.0,-2.2,19,7,65.66
2018-07-19 19:45:00,68.18,0.9,154.8,-5.4,19,7,64.4
2018-07-20 19:00:00,71.24,1.0,177.7,25.5,19,7,64.4
2018-07-20 19:15:00,69.08,0.7,172.0,4.8,19,7,63.68
2018-07-20 19:30:00,66.92,0.5,225.4,-3.4,19,7,62.78
2018-07-20 19:45:00,65.3,0.5,243.8,-5.7,19,7,62.24
2018-07-21 19:00:00,67.28,2.5,87.0,1.9,19,7,65.66
2018-07-21 19:15:00,67.1,2.4,96.0,-2.1,19,7,65.3
2018-07-21 19:30:00,67.28,2.1,95.4,-3.0,19,7,65.48
2018-07-21 19:45:00,67.46,2.2,98.0,-3.5,19,7,65.84
2018-07-22 19:00:00,72.86,3.4,126.4,4.3,19,7,72.86
2018-07-22 19:15:00,73.04,3.1,131.4,-0.3,19,7,73.04
2018-07-22 19:30:00,73.04,4.1,132.0,-2.5,19,7,73.04
2018-07-22 19:45:00,72.86,3.7,125.0,-2.5,19,7,72.86
2018-07-23 19:00:00,75.74,3.4,139.3,7.0,19,7,74.48
2018-07-23 19:15:00,75.2,2.9,141.0,0.9,19,7,74.3
2018-07-23 19:30:00,74.84,3.1,137.3,-3.3,19,7,74.3
2018-07-23 19:45:00,74.66,3.1,137.4,-4.5,19,7,74.12
2018-07-24 19:00:00,75.56,2.8,139.7,9.2,19,7,74.48
2018-07-24 19:15:00,75.02,2.8,133.6,0.8,19,7,74.66
2018-07-24 19:30:00,74.66,2.6,137.4,-3.4,19,7,74.66
2018-07-24 19:45:00,74.66,2.4,140.3,-4.7,19,7,74.48
2018-07-25 19:00:00,73.76,2.7,150.0,-1.2,19,7,73.4
2018-07-25 19:15:00,73.4,2.5,151.1,-3.0,19,7,73.4
2018-07-25 19:30:00,73.4,2.4,154.9,-3.9,19,7,73.4
2018-07-25 19:45:00,73.4,2.8,149.1,-4.4,19,7,73.4
2018-07-26 19:00:00,76.1,1.3,197.7,15.6,19,7,74.48
2018-07-26 19:15:00,75.56,1.0,165.7,1.7,19,7,74.66
2018-07-26 19:30:00,75.02,1.0,175.4,-4.0,19,7,74.48
2018-07-26 19:45:00,74.66,0.9,181.8,-5.2,19,7,74.48
2018-07-27 19:00:00,75.56,1.7,196.7,3.5,19,7,75.02
2018-07-27 19:15:00,75.38,1.2,191.5,-2.1,19,7,74.84
2018-07-27 19:30:00,75.38,1.4,200.4,-4.2,19,7,74.48
2018-07-27 19:45:00,75.2,1.1,216.5,-4.6,19,7,74.48
2018-07-28 19:00:00,77.0,1.5,189.9,23.3,19,7,75.74
2018-07-28 19:15:00,76.46,1.1,203.6,5.0,19,7,75.38
2018-07-28 19:30:00,76.1,1.0,187.4,-2.4,19,7,75.02
2018-07-28 19:45:00,75.92,1.1,204.8,-5.0,19,7,74.3
2018-07-29 19:00:00,71.6,0.7,194.9,9.8,19,7,67.46
2018-07-29 19:15:00,70.16,0.3,178.6,-1.1,19,7,67.1
2018-07-29 19:30:00,68.9,0.4,225.7,-5.0,19,7,66.92
2018-07-29 19:45:00,68.18,0.4,222.4,-6.1,19,7,66.38
2018-07-30 19:00:00,71.96,0.6,212.8,1.4,19,7,70.88
2018-07-30 19:15:00,71.42,0.7,176.3,-3.4,19,7,69.62
2018-07-30 19:30:00,71.24,0.7,169.2,-5.1,19,7,68.36
2018-07-30 19:45:00,71.24,0.9,174.8,-5.4,19,7,67.82
2018-07-31 19:00:00,71.78,1.2,157.6,9.5,19,7,69.98
2018-07-31 19:15:00,71.42,0.9,161.9,-2.3,19,7,69.98
2018-07-31 19:30:00,70.88,0.6,166.5,-4.9,19,7,69.98
2018-07-31 19:45:00,70.52,0.9,175.1,-5.4,19,7,69.8
2019-07-01 19:00:00,75.02,1.3,228.4,34.3,19,7,72.68
2019-07-01 19:15:00,75.2,2.1,237.0,12.1,19,7,71.96
2019-07-01 19:30:00,74.48,1.9,238.6,-3.6,19,7,71.42
2019-07-01 19:45:00,73.58,1.6,233.1,-7.2,19,7,71.06
2019-07-02 19:00:00,75.92,0.6,236.2,28.1,19,7,73.04
2019-07-02 19:15:00,75.2,0.5,245.9,2.0,19,7,73.04
2019-07-02 19:30:00,74.12,0.4,259.7,-8.1,19,7,72.86
2019-07-02 19:45:00,73.58,0.4,208.4,-10.7,19,7,72.5
2019-07-03 19:00:00,78.08,1.2,167.5,33.1,19,7,73.58
2019-07-03 19:15:00,76.82,0.9,180.4,7.3,19,7,73.04
2019-07-03 19:30:00,75.56,0.9,197.6,-5.9,19,7,71.78
2019-07-03 19:45:00,74.84,0.6,174.2,-10.8,19,7,71.42
2019-07-04 19:00:00,75.02,1.4,169.4,32.6,19,7,72.32
2019-07-04 19:15:00,74.12,1.0,192.7,3.4,19,7,71.78
2019-07-04 19:30:00,73.4,1.2,191.2,-7.4,19,7,71.6
2019-07-04 19:45:00,72.68,1.1,169.4,-11.1,19,7,70.16
2019-07-05 19:00:00,75.2,1.7,160.5,22.7,19,7,74.48
2019-07-05 19:15:00,74.66,1.4,168.8,7.1,19,7,74.48
2019-07-05 19:30:00,74.48,1.5,171.9,-5.0,19,7,74.48
2019-07-05 19:45:00,74.48,1.4,167.5,-8.9,19,7,74.3
2019-07-06 19:00:00,78.26,1.7,216.5,5.2,19,7,76.46
2019-07-06 19:15:00,77.9,1.5,221.4,-2.4,19,7,76.28
2019-07-06 19:30:00,77.18,1.4,260.2,-7.4,19,7,76.28
2019-07-06 19:45:00,76.82,1.2,258.0,-9.3,19,7,75.74
2019-07-07 19:00:00,69.8,1.7,153.6,16.6,19,7,67.46
2019-07-07 19:15:00,69.08,1.2,156.3,3.1,19,7,67.28
2019-07-07 19:30:00,68.36,1.3,157.4,-6.1,19,7,66.02
2019-07-07 19:45:00,68.0,1.1,155.0,-10.5,19,7,65.3
2019-07-08 19:00:00,67.82,0.6,174.7,25.9,19,7,64.04
2019-07-08 19:15:00,66.92,0.7,195.3,8.9,19,7,63.5
2019-07-08 19:30:00,66.02,0.5,191.2,-5.6,19,7,63.5
2019-07-08 19:45:00,64.76,0.4,282.7,-10.4,19,7,63.14
2019-07-09 19:00:00,75.74,0.8,230.2,29.5,19,7,72.5
2019-07-09 19:15:00,75.2,1.3,224.3,8.8,19,7,72.14
2019-07-09 19:30:00,74.48,1.1,204.3,-5.4,19,7,71.78
2019-07-09 19:45:00,73.4,0.9,214.1,-10.4,19,7,70.88
2019-07-10 19:00:00,77.36,1.1,191.0,21.6,19,7,75.02
2019-07-10 19:15:00,76.64,1.1,192.2,4.4,19,7,74.48
2019-07-10 19:30:00,76.28,1.4,201.5,-6.0,19,7,74.12
2019-07-10 19:45:00,75.56,1.0,178.0,-10.2,19,7,73.76
2019-07-11 19:00:00,74.12,2.7,142.9,0.2,19,7,74.48
2019-07-11 19:15:00,74.12,2.6,148.9,-5.9,19,7,74.48
2019-07-11 19:30:00,74.12,2.5,145.0,-8.3,19,7,74.66
2019-07-11 19:45:00,74.3,2.3,150.3,-9.2,19,7,74.66
2019-07-12 19:00:00,78.98,2.3,312.0,30.5,19,7,74.48
2019-07-12 19:15:00,77.9,2.1,312.9,9.4,19,7,72.68
2019-07-12 19:30:00,77.18,1.9,312.1,-4.6,19,7,71.24
2019-07-12 19:45:00,76.1,1.5,312.7,-9.4,19,7,70.34
2019-07-13 19:00:00,75.92,1.7,224.7,29.8,19,7,73.04
2019-07-13 19:15:00,75.2,1.6,232.5,7.3,19,7,73.22
2019-07-13 19:30:00,74.66,1.3,210.1,-5.9,19,7,73.22
2019-07-13 19:45:00,73.58,0.9,223.6,-10.3,19,7,73.22
2019-07-14 19:00:00,80.6,1.5,293.9,27.4,19,7,73.22
2019-07-14 19:15:00,78.08,1.0,294.1,5.5,19,7,72.68
2019-07-14 19:30:00,76.28,0.6,168.9,-7.2,19,7,71.6
2019-07-14 19:45:00,75.02,0.9,305.4,-10.2,19,7,70.88
2019-07-15 19:00:00,74.48,1.3,228.5,17.0,19,7,72.68
2019-07-15 19:15:00,74.12,1.7,223.4,1.8,19,7,72.32
2019-07-15 19:30:00,73.4,1.3,219.3,-7.2,19,7,71.78
2019-07-15 19:45:00,72.86,1.3,219.9,-9.6,19,7,71.6
2019-07-16 19:00:00,78.44,1.9,211.0,28.9,19,7,77.18
2019-07-16 19:15:00,77.9,2.0,227.7,3.8,19,7,77.0
2019-07-16 19:30:00,77.54,2.2,218.3,-6.3,19,7,77.0
2019-07-16 19:45:00,77.36,2.2,215.0,-8.9,19,7,77.0
2019-07-17 19:00:00,78.8,1.1,167.4,0.2,19,7,77.36
2019-07-17 19:15:00,78.26,1.4,153.0,-7.8,19,7,77.9
2019-07-17 19:30:00,78.44,1.4,157.8,-9.6,19,7,77.72
2019-07-17 19:45:00,78.62,0.9,186.2,-10.6,19,7,77.36
2019-07-18 19:00:00,69.62,1.6,50.2,-4.6,19,7,69.08
2019-07-18 19:15:00,69.26,1.9,50.8,-6.6,19,7,69.08
2019-07-18 19:30:00,69.08,1.9,43.7,-7.9,19,7,69.08
2019-07-18 19:45:00,69.08,1.7,78.2,-8.4,19,7,68.9
2019-07-19 19:00:00,78.98,1.8,215.3,6.7,19,7,78.08
2019-07-19 19:15:00,78.62,1.6,215.3,-2.5,19,7,78.08
2019-07-19 19:30:00,78.44,1.6,223.5,-8.2,19,7,78.26
2019-07-19 19:45:00,78.26,1.3,230.7,-9.3,19,7,78.26
2019-07-20 19:00:00,86.72,2.0,232.7,11.1,19,7,83.48
2019-07-20 19:15:00,86.18,1.8,251.7,-1.6,19,7,83.84
2019-07-20 19:30:00,85.82,1.5,242.5,-8.7,19,7,83.66
2019-07-20 19:45:00,84.56,0.9,234.7,-10.1,19,7,83.3
2019-07-21 19:00:00,85.64,0.8,184.1,-3.4,19,7,81.86
2019-07-21 19:15:00,84.74,0.8,179.0,-6.8,19,7,81.86
2019-07-21 19:30:00,83.48,0.6,249.9,-10.2,19,7,81.86
2019-07-21 19:45:00,82.58,0.5,240.1,-11.6,19,7,81.68
2019-07-22 19:00:00,71.96,1.9,336.4,-4.0,19,7,71.42
2019-07-22 19:15:00,71.42,1.4,319.0,-4.4,19,7,71.42
2019-07-22 19:30:00,71.42,1.1,214.0,-4.9,19,7,71.42
2019-07-22 19:45:00,71.42,0.8,249.4,-5.7,19,7,71.42
2019-07-23 19:00:00,66.74,1.1,178.1,-3.0,19,7,66.56
2019-07-23 19:15:00,66.56,0.9,181.6,-6.4,19,7,66.74
2019-07-23 19:30:00,66.56,0.7,208.1,-9.3,19,7,66.56
2019-07-23 19:45:00,66.56,0.8,157.2,-10.2,19,7,66.56
2019-07-24 19:00:00,71.42,1.0,207.1,22.7,19,7,66.92
2019-07-24 19:15:00,70.34,1.0,178.0,-0.2,19,7,66.38
2019-07-24 19:30:00,69.44,0.8,171.3,-9.1,19,7,65.84
2019-07-24 19:45:00,68.0,0.7,168.4,-11.9,19,7,66.02
2019-07-25 19:00:00,72.14,1.0,177.9,14.5,19,7,67.28
2019-07-25 19:15:00,71.06,0.8,193.8,-3.7,19,7,66.74
2019-07-25 19:30:00,68.9,0.5,202.2,-10.0,19,7,66.2
2019-07-25 19:45:00,67.82,0.5,226.3,-11.9,19,7,65.84
2019-07-26 19:00:00,73.94,1.2,164.8,16.2,19,7,70.7
2019-07-26 19:15:00,73.04,0.9,167.3,-1.7,19,7,69.98
2019-07-26 19:30:00,72.14,1.1,163.6,-9.7,19,7,68.72
2019-07-26 19:45:00,71.24,0.9,164.1,-11.8,19,7,67.82
2019-07-27 19:00:00,72.5,1.4,174.9,11.2,19,7,70.7
2019-07-27 19:15:00,71.96,1.5,171.8,-3.4,19,7,70.52
2019-07-27 19:30:00,71.42,1.3,171.8,-9.0,19,7,69.98
2019-07-27 19:45:00,71.06,1.0,172.7,-10.8,19,7,69.26
2019-07-28 19:00:00,77.72,2.1,221.4,6.6,19,7,76.64
2019-07-28 19:15:00,77.18,2.0,222.4,-4.9,19,7,76.64
2019-07-28 19:30:00,77.0,1.7,214.5,-8.9,19,7,76.64
2019-07-28 19:45:00,76.82,1.6,218.3,-9.3,19,7,76.64
2019-07-29 19:00:00,77.72,1.6,213.2,-0.6,19,7,77.0
2019-07-29 19:15:00,77.72,1.5,219.8,-6.3,19,7,77.0
2019-07-29 19:30:00,77.18,1.2,210.3,-9.8,19,7,76.82
2019-07-29 19:45:00,77.18,1.7,217.6,-10.3,19,7,76.64
2019-07-30 19:00:00,78.8,1.6,187.2,-1.5,19,7,77.36
2019-07-30 19:15:00,78.26,1.9,189.4,-7.2,19,7,77.0
2019-07-30 19:30:00,77.9,1.6,191.8,-9.8,19,7,77.18
2019-07-30 19:45:00,77.54,1.9,203.0,-10.2,19,7,77.18
2019-07-31 19:00:00,71.42,0.7,100.1,2.8,19,7,70.88
2019-07-31 19:15:00,71.6,0.9,125.1,-8.2,19,7,70.7
2019-07-31 19:30:00,71.24,0.8,187.8,-10.1,19,7,70.7
2019-07-31 19:45:00,70.88,1.2,310.6,-10.5,19,7,70.7
2020-07-01 19:00:00,67.1,0.6,239.4,19.6,19,7,67.1
2020-07-01 19:15:00,67.82,0.5,217.5,4.6,19,7,67.1
2020-07-01 19:30:00,67.46,0.4,280.9,-2.9,19,7,67.1
2020-07-01 19:45:00,67.46,0.7,211.1,-5.9,19,7,67.28
2020-07-02 19:00:00,76.46,1.3,229.9,12.4,19,7,73.94
2020-07-02 19:15:00,75.74,1.3,228.8,2.8,19,7,73.4
2020-07-02 19:30:00,75.38,1.3,220.2,-4.9,19,7,72.14
2020-07-02 19:45:00,74.84,1.2,220.0,-8.3,19,7,73.4
2020-07-03 19:00:00,69.26,1.3,88.6,-3.2,19,7,67.82
2020-07-03 19:15:00,68.9,1.3,89.5,-3.5,19,7,67.82
2020-07-03 19:30:00,68.36,1.8,105.9,-3.4,19,7,67.82
2020-07-03 19:45:00,68.0,1.3,110.9,-3.9,19,7,68.0
2020-07-04 19:00:00,69.98,1.3,188.1,36.0,19,7,67.64
2020-07-04 19:15:00,69.44,1.2,177.4,11.2,19,7,67.28
2020-07-04 19:30:00,68.72,1.0,173.0,-4.4,19,7,66.92
2020-07-04 19:45:00,68.0,0.7,187.5,-9.6,19,7,66.56
2020-07-05 19:00:00,77.36,1.2,203.8,38.8,19,7,75.38
2020-07-05 19:15:00,76.64,0.8,183.6,9.0,19,7,75.2
2020-07-05 19:30:00,76.1,0.7,188.3,-5.6,19,7,75.02
2020-07-05 19:45:00,75.56,0.9,192.8,-9.2,19,7,74.84
2020-07-06 19:00:00,70.52,3.2,129.6,7.5,19,7,69.98
2020-07-06 19:15:00,70.34,3.1,128.9,-2.5,19,7,69.8
2020-07-06 19:30:00,70.16,2.4,126.9,-6.4,19,7,69.44
2020-07-06 19:45:00,69.98,3.3,124.6,-7.6,19,7,69.26
2020-07-07 19:00:00,70.34,0.9,78.2,-3.8,19,7,70.34
2020-07-07 19:15:00,70.34,1.2,98.2,-4.9,19,7,70.16
2020-07-07 19:30:00,70.34,1.0,97.4,-7.8,19,7,70.52
2020-07-07 19:45:00,70.34,0.6,60.6,-9.0,19,7,70.7
2020-07-08 19:00:00,76.82,1.7,179.2,11.2,19,7,75.74
2020-07-08 19:15:00,76.46,1.4,174.7,-0.6,19,7,75.56
2020-07-08 19:30:00,76.28,1.6,206.5,-7.2,19,7,75.56
2020-07-08 19:45:00,76.1,1.3,204.9,-8.8,19,7,75.38
2020-07-09 19:00:00,77.0,1.7,146.0,34.0,19,7,74.66
2020-07-09 19:15:00,76.46,1.1,156.5,9.7,19,7,73.94
2020-07-09 19:30:00,75.92,1.1,152.6,-4.4,19,7,73.4
2020-07-09 19:45:00,75.2,1.3,154.8,-11.1,19,7,72.68
2020-07-10 19:00:00,74.48,5.0,129.9,6.3,19,7,73.76
2020-07-10 19:15:00,74.3,5.4,129.2,-2.1,19,7,73.58
2020-07-10 19:30:00,74.3,5.1,127.8,-3.7,19,7,72.86
2020-07-10 19:45:00,74.12,5.8,129.8,-5.0,19,7,72.5
2020-07-11 19:00:00,73.22,1.9,176.3,-4.5,19,7,72.32
2020-07-11 19:15:00,73.04,2.4,174.9,-6.8,19,7,72.32
2020-07-11 19:30:00,72.68,2.5,186.9,-7.9,19,7,72.5
2020-07-11 19:45:00,72.5,2.5,188.4,-8.3,19,7,73.04
2020-07-12 19:00:00,77.0,1.8,215.7,25.6,19,7,75.38
2020-07-12 19:15:00,76.28,1.4,208.6,-0.5,19,7,75.2
2020-07-12 19:30:00,75.74,1.4,227.4,-7.1,19,7,75.02
2020-07-12 19:45:00,75.56,1.6,224.4,-9.7,19,7,75.2
2020-07-13 19:00:00,77.72,0.9,184.1,30.3,19,7,72.14
2020-07-13 19:15:00,76.28,0.9,192.0,5.4,19,7,71.6
2020-07-13 19:30:00,74.66,0.5,212.0,-7.4,19,7,71.06
2020-07-13 19:45:00,73.22,0.4,242.2,-11.2,19,7,70.34
2020-07-14 19:00:00,75.74,0.6,342.1,-1.9,19,7,71.6
2020-07-14 19:15:00,73.4,1.0,303.5,-4.3,19,7,71.96
2020-07-14 19:30:00,71.78,1.3,288.9,-10.6,19,7,72.86
2020-07-14 19:45:00,71.6,1.1,291.9,-9.9,19,7,72.5
2020-07-15 19:00:00,69.26,1.5,152.7,32.9,19,7,66.56
2020-07-15 19:15:00,68.54,0.9,167.4,6.4,19,7,65.84
2020-07-15 19:30:00,67.82,0.9,156.3,-6.9,19,7,65.48
2020-07-15 19:45:00,67.28,1.0,169.6,-11.5,19,7,64.94
2020-07-16 19:00:00,66.92,2.8,139.0,16.3,19,7,64.94
2020-07-16 19:15:00,66.56,1.8,144.6,2.6,19,7,63.68
2020-07-16 19:30:00,65.66,0.8,140.2,-6.4,19,7,62.6
2020-07-16 19:45:00,64.76,1.6,136.9,-9.6,19,7,62.6
2020-07-17 19:00:00,75.2,1.0,177.0,5.2,19,7,73.76
2020-07-17 19:15:00,74.84,0.6,178.0,-4.7,19,7,73.4
2020-07-17 19:30:00,74.48,0.9,169.3,-8.7,19,7,73.58
2020-07-17 19:45:00,74.12,0.8,162.8,-10.5,19,7,73.76
2020-07-18 19:00:00,77.54,1.2,163.7,25.7,19,7,74.84
2020-07-18 19:15:00,76.64,1.1,166.7,2.6,19,7,74.84
2020-07-18 19:30:00,75.74,1.0,209.1,-9.3,19,7,74.66
2020-07-18 19:45:00,75.2,0.9,188.4,-11.4,19,7,74.66
2020-07-19 19:00:00,76.46,1.5,193.1,17.5,19,7,74.84
2020-07-19 19:15:00,75.92,1.9,179.8,0.1,19,7,74.84
2020-07-19 19:30:00,75.38,1.6,173.3,-8.2,19,7,74.66
2020-07-19 19:45:00,75.02,1.7,171.9,-9.7,19,7,74.66
2020-07-20 19:00:00,84.56,0.6,319.4,25.7,19,7,78.8
2020-07-20 19:15:00,82.58,0.4,301.0,1.4,19,7,78.08
2020-07-20 19:30:00,81.32,0.4,277.2,-7.3,19,7,77.36
2020-07-20 19:45:00,80.24,0.3,245.7,-10.2,19,7,76.28
2020-07-21 19:00:00,78.98,1.1,171.1,4.5,19,7,74.66
2020-07-21 19:15:00,78.08,0.6,170.9,-5.8,19,7,73.94
2020-07-21 19:30:00,76.82,0.8,176.4,-10.3,19,7,74.12
2020-07-21 19:45:00,75.56,0.7,187.8,-12.3,19,7,73.22
2020-07-22 19:00:00,81.14,1.6,202.3,-7.2,19,7,78.8
2020-07-22 19:15:00,80.78,1.7,186.9,-9.7,19,7,75.02
2020-07-22 19:30:00,80.6,1.6,210.2,-9.6,19,7,74.12
2020-07-22 19:45:00,81.14,2.6,243.5,-8.7,19,7,73.58
2020-07-23 19:00:00,78.62,1.2,219.7,2.9,19,7,78.26
2020-07-23 19:15:00,78.44,1.4,212.8,-5.2,19,7,78.26
2020-07-23 19:30:00,78.26,1.1,191.6,-9.1,19,7,78.44
2020-07-23 19:45:00,78.26,1.0,194.0,-9.7,19,7,78.44
2020-07-24 19:00:00,73.76,0.5,225.0,8.8,19,7,73.04
2020-07-24 19:15:00,73.58,0.7,185.7,-1.5,19,7,72.68
2020-07-24 19:30:00,73.58,0.8,167.3,-6.5,19,7,71.96
2020-07-24 19:45:00,73.4,0.7,176.0,-11.4,19,7,71.6
2020-07-25 19:00:00,78.08,1.5,228.4,20.7,19,7,76.82
2020-07-25 19:15:00,77.9,1.3,223.0,3.7,19,7,76.46
2020-07-25 19:30:00,77.36,1.1,215.9,-7.6,19,7,76.28
2020-07-25 19:45:00,77.0,1.5,227.0,-9.9,19,7,76.28
2020-07-26 19:00:00,80.78,1.0,196.3,12.2,19,7,76.64
2020-07-26 19:15:00,80.06,0.9,211.2,-5.6,19,7,76.46
2020-07-26 19:30:00,78.62,0.7,191.6,-9.9,19,7,76.1
2020-07-26 19:45:00,77.54,0.6,204.5,-11.6,19,7,75.56
2020-07-27 19:00:00,82.4,1.7,206.2,15.1,19,7,80.06
2020-07-27 19:15:00,81.68,1.5,197.4,-3.5,19,7,79.7
2020-07-27 19:30:00,81.32,1.4,206.9,-9.6,19,7,79.88
2020-07-27 19:45:00,80.6,1.0,193.3,-10.6,19,7,79.88
2020-07-28 19:00:00,78.62,0.6,329.3,2.9,19,7,76.28
2020-07-28 19:15:00,77.9,0.4,310.3,-4.6,19,7,75.92
2020-07-28 19:30:00,77.54,0.3,285.1,-8.7,19,7,75.74
2020-07-28 19:45:00,76.82,0.2,285.9,-9.5,19,7,75.74
2020-07-29 19:00:00,77.36,1.2,166.6,7.8,19,7,76.1
2020-07-29 19:15:00,76.82,1.2,156.2,-6.5,19,7,76.1
2020-07-29 19:30:00,76.46,1.1,150.2,-10.4,19,7,76.28
2020-07-29 19:45:00,76.1,1.2,158.4,-11.2,19,7,76.46
2020-07-30 19:00:00,80.96,1.4,233.8,-1.1,19,7,77.9
2020-07-30 19:15:00,80.6,0.9,220.9,-7.9,19,7,77.0
2020-07-30 19:30:00,80.06,0.5,190.9,-10.1,19,7,76.64
2020-07-30 19:45:00,79.16,0.5,265.1,-10.4,19,7,76.28
2020-07-31 19:00:00,71.24,0.3,304.9,2.2,19,7,69.44
2020-07-31 19:15:00,70.7,0.3,302.6,-9.3,19,7,69.26
2020-07-31 19:30:00,69.98,0.5,258.9,-13.4,19,7,68.9
2020-07-31 19:45:00,69.62,0.4,162.8,-13.1,19,7,68.72
2021-07-01 19:00:00,71.6,1.1,154.5,-0.4,19,7,70.7
2021-07-01 19:15:00,71.6,1.8,136.6,-1.3,19,7,70.52
2021-07-01 19:30:00,71.24,2.3,136.5,-2.0,19,7,70.52
2021-07-01 19:45:00,70.88,2.4,134.8,-2.1,19,7,70.7
2021-07-02 19:00:00,65.12,2.2,101.8,0.8,19,7,63.5
2021-07-02 19:15:00,64.76,2.4,98.0,-2.0,19,7,63.32
2021-07-02 19:30:00,64.58,2.4,94.1,-2.8,19,7,63.14
2021-07-02 19:45:00,63.86,2.3,90.7,-3.0,19,7,62.96
2021-07-03 19:00:00,59.36,0.7,351.2,2.9,19,7,58.46
2021-07-03 19:15:00,59.18,0.8,3.2,-1.1,19,7,58.46
2021-07-03 19:30:00,59.18,0.7,350.4,-3.4,19,7,58.28
2021-07-03 19:45:00,58.82,0.9,355.2,-4.3,19,7,58.1
2021-07-04 19:00:00,67.46,1.0,176.7,21.1,19,7,63.68
2021-07-04 19:15:00,66.74,0.8,154.7,9.7,19,7,64.22
2021-07-04 19:30:00,64.94,0.4,119.0,0.0,19,7,63.68
2021-07-04 19:45:00,64.04,0.3,158.8,-4.3,19,7,63.32
2021-07-05 19:00:00,72.5,1.8,181.3,32.0,19,7,72.14
2021-07-05 19:15:00,72.32,1.5,190.5,12.3,19,7,71.96
2021-07-05 19:30:00,72.14,1.6,182.4,0.3,19,7,71.96
2021-07-05 19:45:00,72.14,1.9,189.1,-4.0,19,7,71.78
2021-07-06 19:00:00,70.34,0.9,257.2,-1.7,19,7,71.06
2021-07-06 19:15:00,70.7,1.1,242.1,-1.9,19,7,70.88
2021-07-06 19:30:00,71.06,1.4,227.8,-2.1,19,7,70.88
2021-07-06 19:45:00,71.06,1.6,219.2,-2.1,19,7,70.88
2021-07-07 19:00:00,78.98,1.4,200.1,24.8,19,7,77.0
2021-07-07 19:15:00,78.44,1.2,201.3,8.0,19,7,76.46
2021-07-07 19:30:00,77.9,1.1,201.7,-1.6,19,7,75.92
2021-07-07 19:45:00,77.36,1.1,197.1,-4.6,19,7,75.56
2021-07-08 19:00:00,71.96,0.7,67.8,6.6,19,7,72.5
2021-07-08 19:15:00,71.96,1.1,114.0,-0.3,19,7,72.5
2021-07-08 19:30:00,72.32,1.1,125.7,-3.0,19,7,72.86
2021-07-08 19:45:00,72.5,1.4,123.4,-4.0,19,7,72.86
2021-07-09 19:00:00,75.2,1.9,209.6,16.5,19,7,74.3
2021-07-09 19:15:00,75.02,2.3,219.9,8.6,19,7,74.12
2021-07-09 19:30:00,74.84,2.2,194.4,-0.9,19,7,74.48
2021-07-09 19:45:00,74.66,2.1,200.6,-3.9,19,7,74.66
2021-07-10 19:00:00,72.5,0.9,173.5,28.0,19,7,69.98
2021-07-10 19:15:00,71.96,0.7,167.3,11.4,19,7,69.62
2021-07-10 19:30:00,71.24,0.9,133.2,0.5,19,7,69.08
2021-07-10 19:45:00,70.7,1.4,142.9,-4.3,19,7,68.72
2021-07-11 19:00:00,71.78,2.0,141.9,32.7,19,7,71.42
2021-07-11 19:15:00,71.42,2.2,138.6,11.8,19,7,71.6
2021-07-11 19:30:00,71.24,1.8,124.1,-1.3,19,7,71.6
2021-07-11 19:45:00,71.24,1.9,125.8,-3.8,19,7,71.24
2021-07-12 19:00:00,73.4,1.2,84.0,1.9,19,7,73.04
2021-07-12 19:15:00,73.4,1.1,105.4,-2.0,19,7,72.68
2021-07-12 19:30:00,73.22,1.3,89.5,-3.7,19,7,72.5
2021-07-12 19:45:00,73.22,1.4,106.8,-3.9,19,7,72.5
2021-07-13 19:00:00,67.64,1.3,96.0,0.2,19,7,67.28
2021-07-13 19:15:00,67.64,1.4,108.6,-0.9,19,7,67.1
2021-07-13 19:30:00,67.46,1.0,109.2,-3.2,19,7,67.1
2021-07-13 19:45:00,67.28,1.0,120.1,-4.7,19,7,67.1
2021-07-14 19:00:00,77.18,1.2,190.0,20.1,19,7,77.0
2021-07-14 19:15:00,76.82,1.0,179.8,8.6,19,7,76.82
2021-07-14 19:30:00,76.82,0.9,195.9,1.6,19,7,76.64
2021-07-14 19:45:00,76.82,0.9,207.4,-4.6,19,7,76.46
2021-07-15 19:00:00,77.9,1.1,168.6,23.8,19,7,75.92
2021-07-15 19:15:00,77.36,1.5,175.5,5.2,19,7,75.74
2021-07-15 19:30:00,76.82,1.2,196.1,-2.3,19,7,75.38
2021-07-15 19:45:00,76.28,1.0,183.4,-5.0,19,7,75.38
2021-07-16 19:00:00,79.34,1.3,182.2,16.1,19,7,78.26
2021-07-16 19:15:00,78.98,1.5,201.0,5.7,19,7,78.26
2021-07-16 19:30:00,78.98,1.4,204.7,-3.1,19,7,78.26
2021-07-16 19:45:00,78.62,1.0,195.7,-4.8,19,7,77.9
2021-07-17 19:00:00,78.26,2.0,154.1,14.0,19,7,77.18
2021-07-17 19:15:00,78.08,1.7,162.0,3.1,19,7,77.36
2021-07-17 19:30:00,77.72,1.7,174.6,-3.6,19,7,77.36
2021-07-17 19:45:00,77.36,1.5,160.3,-4.7,19,7,77.36
2021-07-18 19:00:00,76.1,1.4,210.8,19.5,19,7,74.12
2021-07-18 19:15:00,75.92,1.8,214.1,3.8,19,7,73.76
2021-07-18 19:30:00,75.38,1.6,216.9,-2.6,19,7,73.58
2021-07-18 19:45:00,74.84,1.2,217.3,-4.7,19,7,73.4
2021-07-19 19:00:00,73.22,0.7,348.0,26.3,19,7,71.06
2021-07-19 19:15:00,71.96,0.9,346.9,2.2,19,7,70.7
2021-07-19 19:30:00,70.88,0.8,326.9,-4.5,19,7,70.34
2021-07-19 19:45:00,71.06,0.4,148.8,-6.1,19,7,69.62
2021-07-20 19:00:00,75.74,0.8,219.4,13.8,19,7,73.22
2021-07-20 19:15:00,75.38,0.8,198.0,1.3,19,7,73.4
2021-07-20 19:30:00,74.12,0.6,204.4,-4.3,19,7,73.94
2021-07-20 19:45:00,73.58,0.6,187.0,-5.9,19,7,73.58
2021-07-21 19:00:00,70.88,0.4,301.7,18.5,19,7,68.54
2021-07-21 19:15:00,69.98,0.5,271.7,4.1,19,7,68.18
2021-07-21 19:30:00,69.26,0.5,315.7,-2.3,19,7,68.0
2021-07-21 19:45:00,68.9,0.7,289.8,-4.4,19,7,67.64
2021-07-22 19:00:00,70.7,0.6,226.6,20.6,19,7,67.82
2021-07-22 19:15:00,69.98,0.5,291.0,2.8,19,7,67.46
2021-07-22 19:30:00,68.9,0.4,211.0,-4.0,19,7,66.92
2021-07-22 19:45:00,68.36,0.4,216.7,-4.9,19,7,66.38
2021-07-23 19:00:00,69.8,0.3,251.4,6.6,19,7,66.56
2021-07-23 19:15:00,68.54,0.5,269.1,-0.3,19,7,66.2
2021-07-23 19:30:00,67.64,0.3,342.4,-4.5,19,7,66.2
2021-07-23 19:45:00,67.1,0.3,290.5,-5.7,19,7,65.48
2021-07-24 19:00:00,71.42,1.2,158.5,16.8,19,7,69.62
2021-07-24 19:15:00,70.88,0.9,175.9,0.7,19,7,69.44
2021-07-24 19:30:00,70.52,1.1,161.3,-4.3,19,7,69.44
2021-07-24 19:45:00,69.8,1.0,156.3,-5.4,19,7,69.44
2021-07-25 19:00:00,74.3,1.9,215.2,6.2,19,7,73.94
2021-07-25 19:15:00,74.3,1.9,220.9,0.1,19,7,73.76
2021-07-25 19:30:00,74.12,1.6,210.0,-3.6,19,7,73.76
2021-07-25 19:45:00,74.12,2.0,208.3,-4.5,19,7,73.58
2021-07-26 19:00:00,75.38,0.4,227.2,11.5,19,7,71.24
2021-07-26 19:15:00,74.3,0.4,250.8,-0.5,19,7,70.88
2021-07-26 19:30:00,73.04,0.4,254.2,-5.3,19,7,70.52
2021-07-26 19:45:00,71.96,0.3,254.0,-6.4,19,7,70.52
2021-07-27 19:00:00,78.44,0.8,216.0,3.7,19,7,76.28
2021-07-27 19:15:00,77.18,0.6,238.9,-2.4,19,7,76.28
2021-07-27 19:30:00,76.28,0.8,260.6,-4.8,19,7,75.74
2021-07-27 19:45:00,76.46,0.7,184.9,-5.0,19,7,75.92
2021-07-28 19:00:00,69.8,1.1,148.1,11.6,19,7,66.56
2021-07-28 19:15:00,69.08,1.1,161.5,0.3,19,7,66.2
2021-07-28 19:30:00,68.18,0.8,178.8,-4.4,19,7,65.84
2021-07-28 19:45:00,67.46,0.8,166.0,-5.6,19,7,65.12
2021-07-29 19:00:00,71.6,2.6,163.8,3.8,19,7,71.24
2021-07-29 19:15:00,71.96,3.1,169.9,2.4,19,7,71.42
2021-07-29 19:30:00,72.14,2.6,186.1,-2.8,19,7,71.96
2021-07-29 19:45:00,71.78,1.7,195.0,-3.5,19,7,72.32
2021-07-30 19:00:00,72.5,1.5,295.8,13.0,19,7,69.98
2021-07-30 19:15:00,71.24,1.0,313.1,0.6,19,7,70.16
2021-07-30 19:30:00,70.16,0.7,291.9,-4.2,19,7,69.98
2021-07-30 19:45:00,69.8,1.1,303.1,-5.1,19,7,69.62
2021-07-31 19:00:00,64.76,0.3,226.5,8.7,19,7,61.7
2021-07-31 19:15:00,63.86,0.3,245.6,-1.9,19,7,60.8
2021-07-31 19:30:00,63.14,0.5,246.2,-5.8,19,7,60.62
2021-07-31 19:45:00,62.24,0.3,246.2,-6.4,19,7,60.62
2022-07-01 19:00:00,76.1,2.9,212.3,23.4,19,7,75.74
2022-07-01 19:15:00,75.74,2.3,210.2,10.6,19,7,75.56
2022-07-01 19:30:00,76.28,2.3,219.1,-2.4,19,7,75.38
2022-07-01 19:45:00,76.28,3.2,216.1,-6.0,19,7,75.02
2022-07-02 19:00:00,73.76,0.9,199.4,21.5,19,7,72.86
2022-07-02 19:15:00,73.04,1.0,183.1,2.8,19,7,72.86
2022-07-02 19:30:00,73.04,1.4,166.4,-1.8,19,7,72.5
2022-07-02 19:45:00,72.86,1.1,176.2,-4.2,19,7,72.14
2022-07-03 19:00:00,71.96,0.6,176.6,34.4,19,7,68.0
2022-07-03 19:15:00,70.7,0.7,167.6,11.3,19,7,67.46
2022-07-03 19:30:00,70.16,0.6,166.1,-3.9,19,7,66.74
2022-07-03 19:45:00,69.08,0.4,195.4,-8.7,19,7,66.2
2022-07-04 19:00:00,71.96,0.8,187.8,39.4,19,7,69.26
2022-07-04 19:15:00,70.88,0.9,204.6,11.8,19,7,68.54
2022-07-04 19:30:00,69.44,0.5,230.1,-5.1,19,7,68.9
2022-07-04 19:45:00,68.72,0.7,259.5,-8.8,19,7,69.44
2022-07-05 19:00:00,69.98,2.0,170.8,11.4,19,7,70.34
2022-07-05 19:15:00,70.16,2.8,168.1,2.1,19,7,70.52
2022-07-05 19:30:00,70.16,2.5,163.3,-4.7,19,7,70.7
2022-07-05 19:45:00,70.16,2.1,165.9,-6.9,19,7,70.88
2022-07-06 19:00:00,75.02,0.4,326.8,37.5,19,7,71.24
2022-07-06 19:15:00,73.76,0.3,335.4,10.9,19,7,70.52
2022-07-06 19:30:00,73.04,0.3,304.6,-4.2,19,7,70.16
2022-07-06 19:45:00,72.14,0.4,304.0,-8.1,19,7,69.8
2022-07-07 19:00:00,70.34,2.1,136.5,26.0,19,7,67.64
2022-07-07 19:15:00,69.8,2.4,129.3,6.9,19,7,67.46
2022-07-07 19:30:00,69.26,2.5,131.0,-4.5,19,7,66.38
2022-07-07 19:45:00,68.36,0.6,174.5,-7.9,19,7,65.84
2022-07-08 19:00:00,73.4,1.3,216.6,14.8,19,7,72.14
2022-07-08 19:15:00,73.22,1.4,220.3,5.3,19,7,71.6
2022-07-08 19:30:00,72.86,1.5,220.3,-3.5,19,7,70.88
2022-07-08 19:45:00,72.5,1.4,223.1,-7.5,19,7,70.7
2022-07-09 19:00:00,72.32,0.6,153.4,27.8,19,7,67.28
2022-07-09 19:15:00,71.24,0.7,171.3,4.6,19,7,66.56
2022-07-09 19:30:00,69.26,0.4,139.5,-4.2,19,7,66.02
2022-07-09 19:45:00,68.18,0.3,212.5,-7.8,19,7,65.84
2022-07-10 19:00:00,69.62,1.0,170.7,33.5,19,7,67.28
2022-07-10 19:15:00,68.9,1.0,170.9,9.6,19,7,66.56
2022-07-10 19:30:00,68.54,1.3,162.8,-4.5,19,7,66.02
2022-07-10 19:45:00,67.82,0.9,166.3,-9.2,19,7,65.48
2022-07-11 19:00:00,71.24,2.3,190.4,33.0,19,7,70.16
2022-07-11 19:15:00,70.88,1.8,183.3,8.2,19,7,69.98
2022-07-11 19:30:00,70.52,1.9,185.1,-3.8,19,7,69.98
2022-07-11 19:45:00,70.34,1.6,171.2,-7.9,19,7,69.98
2022-07-12 19:00:00,76.46,2.6,224.4,16.2,19,7,76.64
2022-07-12 19:15:00,76.46,3.1,205.0,3.9,19,7,76.82
2022-07-12 19:30:00,76.46,2.5,210.3,-2.0,19,7,76.82
2022-07-12 19:45:00,76.46,2.0,210.4,-6.3,19,7,76.82
2022-07-13 19:00:00,77.36,1.0,165.8,35.1,19,7,74.12
2022-07-13 19:15:00,76.28,1.4,157.6,7.4,19,7,73.76
2022-07-13 19:30:00,75.56,1.7,161.5,-5.7,19,7,73.58
2022-07-13 19:45:00,74.84,1.2,164.4,-9.2,19,7,73.4
2022-07-14 19:00:00,70.16,0.6,301.8,16.4,19,7,69.44
2022-07-14 19:15:00,69.98,0.4,328.8,6.6,19,7,69.26
2022-07-14 19:30:00,69.8,0.3,289.8,-3.7,19,7,68.9
2022-07-14 19:45:00,69.62,0.3,228.7,-8.1,19,7,68.9
2022-07-15 19:00:00,73.22,0.8,167.5,30.2,19,7,69.98
2022-07-15 19:15:00,71.96,0.7,163.7,6.0,19,7,69.62
2022-07-15 19:30:00,71.06,0.7,188.1,-7.1,19,7,69.62
2022-07-15 19:45:00,70.16,0.7,177.3,-9.5,19,7,68.18
2022-07-16 19:00:00,71.24,0.3,348.1,8.1,19,7,70.52
2022-07-16 19:15:00,70.7,0.3,288.6,0.8,19,7,70.34
2022-07-16 19:30:00,70.7,0.4,191.2,-4.1,19,7,70.16
2022-07-16 19:45:00,70.52,0.3,65.8,-5.2,19,7,69.8
2022-07-17 19:00:00,75.56,0.6,183.8,16.3,19,7,73.4
2022-07-17 19:15:00,74.84,0.5,174.1,0.9,19,7,72.32
2022-07-17 19:30:00,74.12,0.6,173.4,-8.0,19,7,72.32
2022-07-17 19:45:00,73.76,0.6,151.0,-10.0,19,7,71.78
2022-07-18 19:00:00,76.46,2.2,185.8,10.1,19,7,76.1
2022-07-18 19:15:00,76.28,2.1,171.2,0.0,19,7,76.1
2022-07-18 19:30:00,76.1,2.1,189.2,-6.2,19,7,76.28
2022-07-18 19:45:00,76.1,2.2,191.9,-7.2,19,7,76.28
2022-07-19 19:00:00,80.42,0.6,185.5,20.9,19,7,77.0
2022-07-19 19:15:00,79.52,0.7,174.8,1.4,19,7,76.1
2022-07-19 19:30:00,78.44,0.4,173.7,-7.6,19,7,75.56
2022-07-19 19:45:00,77.54,0.6,170.7,-10.2,19,7,75.2
2022-07-20 19:00:00,81.68,1.6,213.3,17.5,19,7,79.7
2022-07-20 19:15:00,80.96,1.5,214.7,0.5,19,7,79.34
2022-07-20 19:30:00,80.42,1.8,209.4,-6.7,19,7,79.16
2022-07-20 19:45:00,80.06,1.8,211.3,-8.4,19,7,78.98
2022-07-21 19:00:00,79.7,0.8,213.2,51.6,19,7,78.08
2022-07-21 19:15:00,79.52,0.8,207.6,14.6,19,7,77.72
2022-07-21 19:30:00,78.8,0.6,191.3,-6.2,19,7,77.18
2022-07-21 19:45:00,78.44,0.8,168.6,-9.5,19,7,75.92
2022-07-22 19:00:00,80.6,0.5,178.9,14.0,19,7,78.98
2022-07-22 19:15:00,79.7,0.5,173.1,-1.9,19,7,78.26
2022-07-22 19:30:00,78.98,1.1,271.9,-8.2,19,7,77.72
2022-07-22 19:45:00,78.98,0.5,191.4,-8.4,19,7,76.82
2022-07-23 19:00:00,81.5,0.8,177.2,7.1,19,7,77.54
2022-07-23 19:15:00,80.78,0.8,183.8,-3.6,19,7,77.54
2022-07-23 19:30:00,79.88,0.8,223.2,-8.6,19,7,76.46
2022-07-23 19:45:00,78.44,0.4,248.5,-9.6,19,7,75.74
2022-07-24 19:00:00,81.14,2.1,212.3,17.4,19,7,80.24
2022-07-24 19:15:00,80.6,2.1,210.3,0.2,19,7,80.06
2022-07-24 19:30:00,80.42,2.4,209.2,-6.7,19,7,80.06
2022-07-24 19:45:00,80.42,2.5,214.3,-7.8,19,7,79.88
2022-07-25 19:00:00,78.44,1.4,205.4,38.5,19,7,76.82
2022-07-25 19:15:00,78.08,1.3,236.9,4.2,19,7,77.0
2022-07-25 19:30:00,77.72,1.2,229.2,-5.0,19,7,77.0
2022-07-25 19:45:00,77.36,1.2,224.7,-8.6,19,7,77.0
2022-07-26 19:00:00,73.04,0.4,248.3,16.6,19,7,69.26
2022-07-26 19:15:00,72.14,0.7,200.8,-0.4,19,7,68.54
2022-07-26 19:30:00,70.52,0.3,214.8,-5.2,19,7,68.18
2022-07-26 19:45:00,69.98,0.3,203.5,-9.6,19,7,68.0
2022-07-27 19:00:00,74.84,1.0,185.7,6.2,19,7,73.22
2022-07-27 19:15:00,74.3,0.7,182.4,-1.4,19,7,73.04
2022-07-27 19:30:00,74.12,1.1,168.8,-7.8,19,7,72.68
2022-07-27 19:45:00,73.58,0.7,173.3,-9.1,19,7,72.86
2022-07-28 19:00:00,78.62,1.3,197.1,16.4,19,7,77.9
2022-07-28 19:15:00,78.26,1.5,201.6,-1.8,19,7,77.9
2022-07-28 19:30:00,78.26,1.3,200.5,-6.8,19,7,77.72
2022-07-28 19:45:00,77.9,1.1,206.2,-8.1,19,7,77.9
2022-07-29 19:00:00,79.16,1.3,213.4,12.2,19,7,78.26
2022-07-29 19:15:00,78.98,1.6,220.1,2.5,19,7,78.26
2022-07-29 19:30:00,78.8,1.4,211.8,-1.1,19,7,78.26
2022-07-29 19:45:00,78.44,1.1,217.5,-4.0,19,7,78.08
2022-07-30 19:00:00,77.0,0.2,284.9,9.1,19,7,71.78
2022-07-30 19:15:00,75.38,0.3,273.2,0.1,19,7,70.7
2022-07-30 19:30:00,73.94,0.2,284.2,-4.4,19,7,69.98
2022-07-30 19:45:00,72.86,0.3,284.8,-5.7,19,7,69.26
2022-07-31 19:00:00,75.92,0.9,170.4,2.0,19,7,74.84
2022-07-31 19:15:00,75.56,0.7,193.0,-3.2,19,7,74.66
2022-07-31 19:30:00,75.2,0.9,194.9,-4.2,19,7,74.48
2022-07-31 19:45:00,75.02,0.8,172.1,-4.5,19,7,74.48
2023-07-01 19:00:00,71.06,1.2,157.7,23.9,19,7,69.44
2023-07-01 19:15:00,70.7,1.0,170.4,12.2,19,7,69.08
2023-07-01 19:30:00,70.16,0.7,181.1,2.0,19,7,68.9
2023-07-01 19:45:00,69.8,0.9,177.4,-0.7,19,7,68.54
2023-07-02 19:00:00,74.3,1.8,185.7,27.2,19,7,73.58
2023-07-02 19:15:00,74.12,1.6,183.5,7.4,19,7,73.58
2023-07-02 19:30:00,73.76,1.7,189.7,1.5,19,7,73.58
2023-07-02 19:45:00,73.58,1.2,186.3,-0.5,19,7,73.76
2023-07-03 19:00:00,78.44,1.5,188.3,15.1,19,7,75.56
2023-07-03 19:15:00,77.9,1.4,177.2,6.2,19,7,75.02
2023-07-03 19:30:00,77.0,1.5,182.0,1.9,19,7,75.02
2023-07-03 19:45:00,76.1,1.2,155.5,-0.6,19,7,75.38
2023-07-04 19:00:00,72.86,0.6,297.1,62.9,19,7,71.78
2023-07-04 19:15:00,72.5,0.3,322.0,27.3,19,7,71.78
2023-07-04 19:30:00,72.5,0.5,49.1,9.4,19,7,71.24
2023-07-04 19:45:00,72.14,0.4,4.8,1.0,19,7,70.88
2023-07-05 19:00:00,78.8,1.5,211.9,38.6,19,7,75.92
2023-07-05 19:15:00,78.08,0.8,197.3,16.8,19,7,75.2
2023-07-05 19:30:00,77.36,0.8,219.6,4.6,19,7,74.84
2023-07-05 19:45:00,76.46,0.6,207.2,-0.1,19,7,75.38
2023-07-06 19:00:00,75.92,1.1,179.6,42.8,19,7,73.58
2023-07-06 19:15:00,75.38,1.1,175.8,16.5,19,7,73.4
2023-07-06 19:30:00,74.84,0.8,175.5,2.8,19,7,72.86
2023-07-06 19:45:00,74.3,1.2,165.9,-0.8,19,7,72.32
2023-07-07 19:00:00,76.1,2.1,132.2,35.2,19,7,73.58
2023-07-07 19:15:00,75.74,1.2,151.7,13.6,19,7,73.76
2023-07-07 19:30:00,74.84,0.7,178.3,2.6,19,7,73.58
2023-07-07 19:45:00,74.12,0.5,223.0,-0.6,19,7,73.4
2023-07-08 19:00:00,75.56,1.2,171.2,18.2,19,7,74.3
2023-07-08 19:15:00,75.38,1.5,153.5,7.9,19,7,73.4
2023-07-08 19:30:00,75.2,1.1,159.1,1.7,19,7,73.04
2023-07-08 19:45:00,74.84,1.4,151.6,-0.9,19,7,73.22
2023-07-09 19:00:00,73.04,1.2,115.1,9.5,19,7,72.5
2023-07-09 19:15:00,72.86,1.4,109.9,5.9,19,7,72.68
2023-07-09 19:30:00,72.68,1.1,110.9,1.1,19,7,72.68
2023-07-09 19:45:00,72.5,1.3,108.6,-0.7,19,7,72.86
2023-07-10 19:00:00,75.2,0.5,348.1,43.1,19,7,71.06
2023-07-10 19:15:00,73.58,0.4,327.0,14.0,19,7,70.34
2023-07-10 19:30:00,72.5,0.3,294.2,2.8,19,7,69.62
2023-07-10 19:45:00,71.78,0.2,330.2,-0.9,19,7,69.08
2023-07-11 19:00:00,79.52,1.0,215.3,33.3,19,7,76.46
2023-07-11 19:15:00,78.62,0.8,206.3,13.4,19,7,75.92
2023-07-11 19:30:00,77.9,1.0,209.5,2.7,19,7,75.56
2023-07-11 19:45:00,77.0,0.9,221.4,-1.0,19,7,75.02
2023-07-12 19:00:00,80.6,0.9,183.7,27.4,19,7,76.28
2023-07-12 19:15:00,80.06,0.6,185.4,13.4,19,7,75.38
2023-07-12 19:30:00,79.16,0.6,196.7,2.3,19,7,75.74
2023-07-12 19:45:00,78.8,0.4,199.0,-0.9,19,7,75.74
2023-07-13 19:00:00,77.72,2.6,177.6,10.6,19,7,77.36
2023-07-13 19:15:00,77.54,2.3,181.1,3.9,19,7,77.18
2023-07-13 19:30:00,77.36,2.3,189.3,0.9,19,7,77.18
2023-07-13 19:45:00,77.36,2.7,178.7,-0.6,19,7,77.18
2023-07-14 19:00:00,75.02,2.4,151.8,13.6,19,7,74.48
2023-07-14 19:15:00,75.02,2.5,157.1,4.0,19,7,74.66
2023-07-14 19:30:00,74.84,2.3,152.0,0.3,19,7,74.66
2023-07-14 19:45:00,74.48,2.2,143.1,-0.6,19,7,74.84
2023-07-15 19:00:00,78.26,2.3,177.8,10.3,19,7,78.08
2023-07-15 19:15:00,78.08,1.6,175.3,5.9,19,7,78.08
2023-07-15 19:30:00,78.08,1.4,177.1,0.3,19,7,77.9
2023-07-15 19:45:00,78.08,1.7,170.0,-0.6,19,7,77.72
2023-07-16 19:00:00,75.02,1.4,217.4,1.8,19,7,74.66
2023-07-16 19:15:00,75.02,1.5,158.3,3.9,19,7,74.48
2023-07-16 19:30:00,75.02,1.1,149.1,2.0,19,7,74.66
2023-07-16 19:45:00,74.84,1.3,205.1,-0.6,19,7,74.84
2023-07-17 19:00:00,75.2,1.1,174.5,23.3,19,7,73.94
2023-07-17 19:15:00,74.84,1.2,184.7,9.3,19,7,73.58
2023-07-17 19:30:00,74.48,0.8,186.6,0.7,19,7,73.4
2023-07-17 19:45:00,73.94,0.4,181.8,-1.1,19,7,73.4
2023-07-18 19:00:00,75.92,1.5,160.3,53.9,19,7,75.74
2023-07-18 19:15:00,75.74,1.5,161.3,18.5,19,7,75.92
2023-07-18 19:30:00,75.74,1.3,174.1,3.7,19,7,75.74
2023-07-18 19:45:00,75.74,1.4,169.3,-0.9,19,7,75.38
2023-07-19 19:00:00,74.48,0.9,196.6,12.8,19,7,72.5
2023-07-19 19:15:00,74.12,0.8,205.6,6.2,19,7,72.14
2023-07-19 19:30:00,73.58,0.9,189.7,0.8,19,7,71.06
2023-07-19 19:45:00,72.86,0.6,187.5,-1.0,19,7,71.42
2023-07-20 19:00:00,75.2,0.8,164.2,35.8,19,7,71.6
2023-07-20 19:15:00,74.66,0.8,183.5,10.8,19,7,70.52
2023-07-20 19:30:00,73.94,0.6,181.9,0.1,19,7,69.98
2023-07-20 19:45:00,72.86,0.5,177.3,-1.4,19,7,70.7
2023-07-21 19:00:00,75.92,1.3,157.0,14.2,19,7,74.48
2023-07-21 19:15:00,75.38,1.0,156.6,5.4,19,7,74.12
2023-07-21 19:30:00,74.84,1.1,162.2,0.4,19,7,73.94
2023-07-21 19:45:00,74.66,0.6,180.8,-1.0,19,7,73.22
2023-07-22 19:00:00,71.78,0.2,294.3,30.0,19,7,69.26
2023-07-22 19:15:00,70.88,0.3,317.8,9.5,19,7,69.08
2023-07-22 19:30:00,70.34,0.2,320.7,1.3,19,7,68.9
2023-07-22 19:45:00,69.62,0.2,320.7,-1.2,19,7,68.54
2023-07-23 19:00:00,76.1,1.0,169.1,15.1,19,7,74.48
2023-07-23 19:15:00,75.38,0.9,176.0,5.1,19,7,74.12
2023-07-23 19:30:00,74.66,0.8,196.1,-0.1,19,7,73.76
2023-07-23 19:45:00,74.66,1.1,210.9,-1.4,19,7,73.04
2023-07-24 19:00:00,75.38,1.0,170.3,19.0,19,7,72.86
2023-07-24 19:15:00,74.66,0.8,165.8,5.0,19,7,72.5
2023-07-24 19:30:00,74.12,0.9,166.3,-0.5,19,7,72.5
2023-07-24 19:45:00,73.58,0.6,176.7,-1.5,19,7,72.14
2023-07-25 19:00:00,68.9,0.4,339.7,32.3,19,7,68.18
2023-07-25 19:15:00,68.72,0.6,297.6,11.3,19,7,67.64
2023-07-25 19:30:00,68.72,0.4,272.2,-0.2,19,7,67.1
2023-07-25 19:45:00,68.36,0.3,352.8,-0.9,19,7,66.92
2023-07-26 19:00:00,76.46,1.7,190.5,17.5,19,7,75.02
2023-07-26 19:15:00,75.92,0.9,190.6,3.8,19,7,75.02
2023-07-26 19:30:00,75.38,0.9,192.6,-0.8,19,7,75.02
2023-07-26 19:45:00,75.2,0.9,185.1,-1.4,19,7,75.2
2023-07-27 19:00:00,80.6,1.3,284.3,7.6,19,7,78.44
2023-07-27 19:15:00,80.78,1.5,273.9,2.0,19,7,78.08
2023-07-27 19:30:00,79.88,0.5,70.7,-0.7,19,7,77.9
2023-07-27 19:45:00,78.62,0.3,75.1,-1.0,19,7,76.1
2023-07-28 19:00:00,80.96,0.7,195.7,17.9,19,7,79.7
2023-07-28 19:15:00,80.78,1.3,203.3,3.4,19,7,78.98
2023-07-28 19:30:00,80.24,0.9,179.9,-0.6,19,7,78.98
2023-07-28 19:45:00,79.88,1.4,222.2,-1.4,19,7,78.8
2023-07-29 19:00:00,81.68,0.8,208.7,2.9,19,7,73.22
2023-07-29 19:15:00,80.24,1.3,254.2,0.9,19,7,73.22
2023-07-29 19:30:00,75.2,3.8,288.2,-1.8,19,7,73.04
2023-07-29 19:45:00,73.22,2.1,275.6,-0.7,19,7,72.86
2023-07-30 19:00:00,66.38,0.2,319.2,18.6,19,7,62.24
2023-07-30 19:15:00,65.3,0.3,322.3,3.8,19,7,61.52
2023-07-30 19:30:00,64.22,0.2,278.5,-0.8,19,7,60.8
2023-07-30 19:45:00,63.32,0.3,291.0,-1.8,19,7,60.08
2023-07-31 19:00:00,73.4,1.2,235.0,5.7,19,7,70.7
2023-07-31 19:15:00,73.22,1.3,233.8,1.3,19,7,70.16
2023-07-31 19:30:00,73.04,1.0,263.7,-0.9,19,7,69.62
2023-07-31 19:45:00,71.6,1.0,308.4,-1.4,19,7,68.72
